_id,authorMeta.avatar,authorMeta.digg,authorMeta.fans,authorMeta.following,authorMeta.heart,authorMeta.id,authorMeta.name,authorMeta.nickName,authorMeta.secUid,authorMeta.verified,authorMeta.video,commentCount,covers.default,covers.dynamic,covers.origin,createTime,diggCount,downloaded,effectStickers,hashtags,id,mentions,musicMeta.coverLarge,musicMeta.coverMedium,musicMeta.coverThumb,musicMeta.duration,musicMeta.musicAlbum,musicMeta.musicAuthor,musicMeta.musicId,musicMeta.musicName,musicMeta.musicOriginal,musicMeta.playUrl,playCount,secretID,shareCount,text,videoMeta.duration,videoMeta.height,videoMeta.width,videoUrl,webVideoUrl
612db4be501db7b75855c3a7,https://p16-sign-va.tiktokcdn.com/tos-maliva-avt-0068/21b8151a8693d98e2e64ac462e570b97~c5_1080x1080.jpeg?x-expires=1627084800&x-signature=U0xUKOIDQRF1kFfCtWqcXBZBUes%3D,1607,474,185,2691,6744124927291327493,gabyayala06,Gaby Ayala,MS4wLjABAAAAUOvA_pjeWHXMyjg_7XjWnx2JPCFNRiZGWCWmwVLsM60psGJjR9N15V4XS3obJA7T,false,19,0,https://p16-sign-va.tiktokcdn.com/obj/tos-maliva-p-0068/ce4fbbb051a54e15b61230f2d3739ffc_1625506758?x-expires=1627020000&x-signature=J1%2F1lgXDis8ZXEvCuJ8NkkHSSHk%3D,https://p16-sign-va.tiktokcdn.com/obj/tos-maliva-p-0068/3d0483a722f9484f888c2684ccc2046b_1625506757?x-expires=1627020000&x-signature=HmNqKquf9oXIZyuU6HH9y4pQTD4%3D,https://p16-sign-va.tiktokcdn.com/obj/tos-maliva-p-0068/c753a862638845b5aef10db38967891a_1625506757?x-expires=1627020000&x-signature=utS2mSXvbJxc9TjUNSwTkJFqLv8%3D,1625506755,42,false,[],"[{""id"":""1637342470396934"",""name"":""fyp„Ç∑"",""title"":"""",""cover"":""""},{""id"":""837519"",""name"":""hermanas"",""title"":"""",""cover"":""""},{""id"":""26931"",""name"":""playa"",""title"":"""",""cover"":""""}]",6981498338696908038,[],https://p16-sign-sg.tiktokcdn.com/aweme/1080x1080/tos-alisg-avt-0068/a25040af1733365768c30f86251a6ad7.jpeg?x-expires=1627084800&x-signature=d0v4sCQogH8991xqnHqdIuPCnL8%3D,https://p77-sign-sg.tiktokcdn.com/aweme/720x720/tos-alisg-avt-0068/a25040af1733365768c30f86251a6ad7.jpeg?x-expires=1627084800&x-signature=qeoFzww%2Bbno8e270KP8try5G634%3D,https://p77-sign-sg-lite.tiktokcdn.com/aweme/100x100/tos-alisg-avt-0068/a25040af1733365768c30f86251a6ad7.jpeg?x-expires=1627084800&x-signature=kOsN%2FehWcERQdOhWyxUAonlon9I%3D,8,,Itzzier,6972107303587744517,original sound,true,https://video-sg.tiktokv.com/storage/v1/tos-alisg-v-27dcd7/ee4330f13b3341f79b5aca140513613f?a=1233&br=250&bt=125&cd=0%7C0%7C0&ch=0&cr=0&cs=&dr=0&ds=&er=0&ft=juQdvKJEeF&l=202107230015170101890741591D00A1E0&lr=default&mime_type=audio_mpeg&net=0&pl=0&qs=6&rc=amVlOjN5djV4NjMzODU8M0ApOzU2aGVlZjs7N2lnODc8OmdsaW5tNl81Yi1gLS1kMTRzc2BeNDVjLS8tYGFiXmIwYGI6Yw%3D%3D&vl=&vr=&x-tos-algorithm=v2&x-tos-authkey=5bf25627da095a5cba28ace592de46cc&x-tos-expires=1627020925&x-tos-signature=ZtrkjDIQnV3OYamKID2hGXPMIRo,353,6981498338696908038,0,Que rica vidaaaaaa #fyp„Ç∑ #hermanas #playa,8,960,540,https://v16-web.tiktok.com/video/tos/useast2a/tos-useast2a-ve-0068c004/715fb9aa0f514c97b056c37213f2e091/?a=1988&br=2878&bt=1439&cd=0%7C0%7C0&ch=0&cr=0&cs=0&dr=0&ds=3&er=&expire=1627020925&ft=Q9BExEBe_4ka&l=202107230015170101890741591D00A1E0&lr=tiktok_m&mime_type=video_mp4&net=0&pl=0&policy=2&qs=0&rc=am82PGttaWluNjMzNzczM0ApOTdlNTg5NGU7Nzs2NmU1Z2c1YXBmbGRgNGVgLS1kMTZzczAuNV8uMmBiMjE0MS5gLmI6Yw%3D%3D&signature=2c0f899606d60490496d6f6230019a87&tk=tt_webid_v2&vl=&vr=,https://www.tiktok.com/@gabyayala06/video/6981498338696908038
612db4be501db7b75855c3a8,https://p16-sign-va.tiktokcdn.com/tos-maliva-avt-0068/21b8151a8693d98e2e64ac462e570b97~c5_1080x1080.jpeg?x-expires=1627084800&x-signature=U0xUKOIDQRF1kFfCtWqcXBZBUes%3D,1607,474,185,2691,6744124927291327493,gabyayala06,Gaby Ayala,MS4wLjABAAAAUOvA_pjeWHXMyjg_7XjWnx2JPCFNRiZGWCWmwVLsM60psGJjR9N15V4XS3obJA7T,false,19,2,https://p16-sign-va.tiktokcdn.com/obj/tos-maliva-p-0068/e368f70d08a641e7ba37123069a1bc2d_1625494312?x-expires=1627020000&x-signature=JkcdxSWxp5ndDdWz8HaNkTHHA8Q%3D,https://p16-sign-va.tiktokcdn.com/obj/tos-maliva-p-0068/b7dc2d37d39b46148c28b5c992dc63a7_1625494312?x-expires=1627020000&x-signature=YfUEYicJoC7w67K4h4nHoWtzrhE%3D,https://p16-sign-va.tiktokcdn.com/obj/tos-maliva-p-0068/0b8b64d9ffde4127b9bfe4ab04c5997d_1625494311?x-expires=1627020000&x-signature=QtNyvWd3n3vrAcDjHfZ3AAcGA3k%3D,1625494310,138,false,"[{""id"":""1018445"",""name"":""3D Pantalla verde imagen""}]","[{""id"":""1994337"",""name"":""cambio"",""title"":"""",""cover"":""""},{""id"":""1637342470396934"",""name"":""fyp„Ç∑"",""title"":"""",""cover"":""""}]",6981444883097668869,[],https://p16-sign-sg.tiktokcdn.com/aweme/1080x1080/tos-alisg-avt-0068/6d531ec78190df82d14c7a67207443cd.jpeg?x-expires=1627084800&x-signature=akjmgpqCoh37CByZT811RByPj9A%3D,https://p16-sign-sg.tiktokcdn.com/aweme/720x720/tos-alisg-avt-0068/6d531ec78190df82d14c7a67207443cd.jpeg?x-expires=1627084800&x-signature=YEAzwwQv%2F5f5Ypc37k7sJawuQEw%3D,https://p16-sign-sg.tiktokcdn.com/aweme/100x100/tos-alisg-avt-0068/6d531ec78190df82d14c7a67207443cd.jpeg?x-expires=1627084800&x-signature=MkPi4QENyqalmxumAcU8VPsnpG0%3D,18,,üåöüåù,6969548787459181314,original sound,true,https://sf16-ies-music-sg.tiktokcdn.com/obj/tiktok-obj/6970987480812112642.mp3,1717,6981444883097668869,7,Jeje :c #cambio #fyp„Ç∑,11,960,540,https://v16-web.tiktok.com/video/tos/useast2a/tos-useast2a-ve-0068c004/d57dac7b9fb145a5b3ad5f74f630ab9e/?a=1988&br=1896&bt=948&cd=0%7C0%7C1&ch=0&cr=0&cs=0&cv=1&dr=0&ds=3&er=&expire=1627020928&ft=Q9BExEBe_4ka&l=202107230015170101890741591D00A1E0&lr=tiktok_m&mime_type=video_mp4&net=0&pl=0&policy=2&qs=0&rc=M3RzdnVoZXlrNjMzNzczM0ApM2llOzs4NTw4N2U6Nzs1OmdxNjQ0YHBnMmVgLS1kMTZzczZgXzYtY2I2Nl9fMzQ0My46Yw%3D%3D&signature=85b5e7d844c1abfde795fbd31d261355&tk=tt_webid_v2&vl=&vr=,https://www.tiktok.com/@gabyayala06/video/6981444883097668869
612db4be501db7b75855c3a9,https://p16-sign-va.tiktokcdn.com/tos-maliva-avt-0068/21b8151a8693d98e2e64ac462e570b97~c5_1080x1080.jpeg?x-expires=1627084800&x-signature=U0xUKOIDQRF1kFfCtWqcXBZBUes%3D,1607,474,185,2691,6744124927291327493,gabyayala06,Gaby Ayala,MS4wLjABAAAAUOvA_pjeWHXMyjg_7XjWnx2JPCFNRiZGWCWmwVLsM60psGJjR9N15V4XS3obJA7T,false,19,0,https://p16-sign-va.tiktokcdn.com/obj/tos-maliva-p-0068/d7cf682799554acea9f1613f991ceabf?x-expires=1627020000&x-signature=ckucSSfH6q%2F4Yz3M2lTgvf%2B0rCo%3D,https://p16-sign-va.tiktokcdn.com/obj/tos-maliva-p-0068/75f92f129e19437fb2cbcc160f21850a_1625321857?x-expires=1627020000&x-signature=Lln%2FDzwxLaUeMbXm8qLaBfT1%2F8w%3D,https://p16-sign-va.tiktokcdn.com/obj/tos-maliva-p-0068/175ddb7ab6c046babf0e62d6a1252ab1_1625321833?x-expires=1627020000&x-signature=dJC3ZLDkBhiGkZfX73EX0KDbXxM%3D,1625321832,33,false,[],"[{""id"":""82858087"",""name"":""sabado"",""title"":"""",""cover"":""""},{""id"":""65243"",""name"":""parati"",""title"":"""",""cover"":""""},{""id"":""26581013"",""name"":""tiroteo"",""title"":"""",""cover"":""""},{""id"":""1625108613938182"",""name"":""polgranch"",""title"":"""",""cover"":""""}]",6980704091567705350,[],https://p16-sign-va.tiktokcdn.com/musically-maliva-obj/1594805258216454~c5_1080x1080.jpeg?x-expires=1627084800&x-signature=eUjoIZnm19JQpHS9pekBgt5uLbs%3D,https://p16-sign-va.tiktokcdn.com/musically-maliva-obj/1594805258216454~c5_720x720.jpeg?x-expires=1627084800&x-signature=8SOME6TtJc57Jhg2ViTJcTjGXiQ%3D,https://p16-sign-va.tiktokcdn.com/musically-maliva-obj/1594805258216454~c5_100x100.jpeg?x-expires=1627084800&x-signature=1gWBZUV41bHkDGfVziWU8hLUnVA%3D,47,,Tik Toker,6976244549223975686,sonido original,true,https://sf16-ies-music-va.tiktokcdn.com/obj/musically-maliva-obj/6976244678131763974.mp3,565,6980704091567705350,1,Discutir contigo es como un tiroteo ‚ù§Ô∏è#sabado  #parati  #tiroteo #polgranch,15,1024,576,https://v16-web.tiktok.com/video/tos/useast2a/tos-useast2a-ve-0068c001/224abfd6e3d64d55be6c3e24c9001c25/?a=1988&br=5606&bt=2803&cd=0%7C0%7C0&ch=0&cr=0&cs=0&dr=0&ds=3&er=&expire=1627020932&ft=Q9BExEBe_4ka&l=202107230015170101890741591D00A1E0&lr=tiktok_m&mime_type=video_mp4&net=0&pl=0&policy=2&qs=0&rc=MzRpNzY0djg5NjMzNzczM0ApNWRlZDpnZmU2NzllaTZnM2dwLWQvXjYtb2RgLS1kMTZzc2JhLzY0LjY1Y19hLjBhNjM6Yw%3D%3D&signature=d428210ef39a1b3546dac56bca95e628&tk=tt_webid_v2&vl=&vr=,https://www.tiktok.com/@gabyayala06/video/6980704091567705350
612db4be501db7b75855c3aa,https://p16-sign-va.tiktokcdn.com/tos-maliva-avt-0068/21b8151a8693d98e2e64ac462e570b97~c5_1080x1080.jpeg?x-expires=1627084800&x-signature=U0xUKOIDQRF1kFfCtWqcXBZBUes%3D,1607,474,185,2691,6744124927291327493,gabyayala06,Gaby Ayala,MS4wLjABAAAAUOvA_pjeWHXMyjg_7XjWnx2JPCFNRiZGWCWmwVLsM60psGJjR9N15V4XS3obJA7T,false,19,1,https://p16-sign-va.tiktokcdn.com/obj/tos-maliva-p-0068/d563a1b4628741d6bf1a4e85de2e6d19?x-expires=1627020000&x-signature=%2BN%2Bo1RSa4rOf2fupjeG3Wpwd%2B30%3D,https://p16-sign-va.tiktokcdn.com/obj/tos-maliva-p-0068/7eb91b7c1236442f98ce9c4dedd0bd5e_1623974460?x-expires=1627020000&x-signature=j5Nc4jWrLmqdVMZuxjfyF6ZM4pY%3D,https://p16-sign-va.tiktokcdn.com/obj/tos-maliva-p-0068/93d81ada2eea4eff8903bd4ec98ef745_1623974459?x-expires=1627020000&x-signature=%2FMjTWWdYKrt%2Bjhk1%2FPYlnyBdm1U%3D,1623974458,41,false,[],"[{""id"":""5013"",""name"":""fail"",""title"":""It's #Fail time"",""cover"":""""},{""id"":""65243"",""name"":""parati"",""title"":"""",""cover"":""""}]",6974917168676850949,"[""@m_jito0609""]",https://p77-sign-va.tiktokcdn.com/tos-maliva-avt-0068/a975856fe75dba611e5f52257065186a~c5_1080x1080.jpeg?x-expires=1627084800&x-signature=DTkZe42ZtxidV%2BUNkqT58zw9i8g%3D,https://p16-sign-va.tiktokcdn.com/tos-maliva-avt-0068/a975856fe75dba611e5f52257065186a~c5_720x720.jpeg?x-expires=1627084800&x-signature=17LdAVyVUkpuT2BhNDAYNKAHul4%3D,https://p16-sign-va.tiktokcdn.com/tos-maliva-avt-0068/a975856fe75dba611e5f52257065186a~c5_100x100.jpeg?x-expires=1627084800&x-signature=qmvbqtNTBsmd641BaQa1eCS6wpg%3D,8,,üå±Jhuanoküåø,6969959699923995398,sonido original,true,https://sf16-ies-music-va.tiktokcdn.com/obj/musically-maliva-obj/6969959814721981189.mp3,1082,6974917168676850949,2,F en el chat  #fail #parati @m_jito0609,9,960,540,https://v16-web.tiktok.com/video/tos/useast2a/tos-useast2a-ve-0068c003/460466f9e2914c7badccdfea4448ea30/?a=1988&br=2690&bt=1345&cd=0%7C0%7C1&ch=0&cr=0&cs=0&cv=1&dr=0&ds=3&er=&expire=1627020926&ft=Q9BExEBe_4ka&l=202107230015170101890741591D00A1E0&lr=tiktok_m&mime_type=video_mp4&net=0&pl=0&policy=2&qs=0&rc=ajQ3eXhzbGZ4NjMzNzczM0ApZjs5OGVnOTtnNzw1aGQ1NmdoazM0YmptMTJgLS1kMTZzc2IzXzYuXi0wNi0uNTNeNl86Yw%3D%3D&signature=01fe08f2a1226ac16a3c12ef1a95e908&tk=tt_webid_v2&vl=&vr=,https://www.tiktok.com/@gabyayala06/video/6974917168676850949
612db4be501db7b75855c3ab,https://p16-sign-va.tiktokcdn.com/tos-maliva-avt-0068/21b8151a8693d98e2e64ac462e570b97~c5_1080x1080.jpeg?x-expires=1627084800&x-signature=U0xUKOIDQRF1kFfCtWqcXBZBUes%3D,1607,474,185,2691,6744124927291327493,gabyayala06,Gaby Ayala,MS4wLjABAAAAUOvA_pjeWHXMyjg_7XjWnx2JPCFNRiZGWCWmwVLsM60psGJjR9N15V4XS3obJA7T,false,19,6,https://p16-sign-va.tiktokcdn.com/obj/tos-maliva-p-0068/390a9a74c18d46dcb80f0ddfb1c3b53c?x-expires=1627020000&x-signature=sIdetWAhiQZhTQASAGq99CHm7ZE%3D,https://p16-sign-va.tiktokcdn.com/obj/tos-maliva-p-0068/94ca9aaebbcf42918aa23d8f2130b547_1623973768?x-expires=1627020000&x-signature=r91iHNkJtmxNhPumV%2FYR6N8l%2BXU%3D,https://p16-sign-va.tiktokcdn.com/obj/tos-maliva-p-0068/52e9398b490344348015027b30b02273_1623973768?x-expires=1627020000&x-signature=aqiThX29eOpIVlUlHL1sYT2e5e8%3D,1623973766,1253,false,[],"[{""id"":""837519"",""name"":""hermanas"",""title"":"""",""cover"":""""},{""id"":""65243"",""name"":""parati"",""title"":"""",""cover"":""""}]",6974914197859650821,[],https://p77-sign-va.tiktokcdn.com/tos-maliva-avt-0068/a975856fe75dba611e5f52257065186a~c5_1080x1080.jpeg?x-expires=1627084800&x-signature=DTkZe42ZtxidV%2BUNkqT58zw9i8g%3D,https://p16-sign-va.tiktokcdn.com/tos-maliva-avt-0068/a975856fe75dba611e5f52257065186a~c5_720x720.jpeg?x-expires=1627084800&x-signature=17LdAVyVUkpuT2BhNDAYNKAHul4%3D,https://p16-sign-va.tiktokcdn.com/tos-maliva-avt-0068/a975856fe75dba611e5f52257065186a~c5_100x100.jpeg?x-expires=1627084800&x-signature=qmvbqtNTBsmd641BaQa1eCS6wpg%3D,8,,üå±Jhuanoküåø,6969959699923995398,sonido original,true,https://sf16-ies-music-va.tiktokcdn.com/obj/musically-maliva-obj/6969959814721981189.mp3,38300,6974914197859650821,6,Muy feliz se la ve ü•≤ #hermanas #parati,9,960,540,https://v16-web.tiktok.com/video/tos/useast2a/tos-useast2a-ve-0068c002/ecf1f360f37c4bb3a5765887deec9ce2/?a=1988&br=3110&bt=1555&cd=0%7C0%7C1&ch=0&cr=0&cs=0&cv=1&dr=0&ds=3&er=&expire=1627020926&ft=Q9BExEBe_4ka&l=202107230015170101890741591D00A1E0&lr=tiktok_m&mime_type=video_mp4&net=0&pl=0&policy=2&qs=0&rc=M3R0bzQ7Ond3NjMzNzczM0ApODppOGRoZjw4NzlpODxmZ2cwY2EuZ2RycjJgLS1kMTZzc2I1My9jNDJhNTY1LzNgNV86Yw%3D%3D&signature=5e6dffa56bc82f456fac5f513e79ef66&tk=tt_webid_v2&vl=&vr=,https://www.tiktok.com/@gabyayala06/video/6974914197859650821
612db4be501db7b75855c3ac,https://p16-sign-va.tiktokcdn.com/tos-maliva-avt-0068/21b8151a8693d98e2e64ac462e570b97~c5_1080x1080.jpeg?x-expires=1627084800&x-signature=U0xUKOIDQRF1kFfCtWqcXBZBUes%3D,1607,474,185,2691,6744124927291327493,gabyayala06,Gaby Ayala,MS4wLjABAAAAUOvA_pjeWHXMyjg_7XjWnx2JPCFNRiZGWCWmwVLsM60psGJjR9N15V4XS3obJA7T,false,19,6,https://p16-sign-va.tiktokcdn.com/obj/tos-maliva-p-0068/fe319d65d315437aa321e3f3e7651979?x-expires=1627020000&x-signature=KrvHiG3IAMdKtDeWQPNuKygpwhk%3D,https://p16-sign-va.tiktokcdn.com/obj/tos-maliva-p-0068/a4bf6e7fd8bd4c9d8f9e649f9526befc_1623028759?x-expires=1627020000&x-signature=JM9EG4fJaz2DXUHBNURDkzPNXgo%3D,https://p16-sign-va.tiktokcdn.com/obj/tos-maliva-p-0068/f63a921887444792a2b7c12acd1668d2_1623028759?x-expires=1627020000&x-signature=GZs6VNZyaerKqQ6cadxMbjX2O%2B4%3D,1623028758,62,false,[],"[{""id"":""837519"",""name"":""hermanas"",""title"":"""",""cover"":""""},{""id"":""20884"",""name"":""viral"",""title"":"""",""cover"":""""},{""id"":""65243"",""name"":""parati"",""title"":"""",""cover"":""""},{""id"":""153828"",""name"":""fy"",""title"":"""",""cover"":""""}]",6970855417232559365,[],https://p77-sign-va.tiktokcdn.com/musically-maliva-obj/53f1418524b3815b18d607a7a22192ce~c5_1080x1080.jpeg?x-expires=1627084800&x-signature=gmHR1Y4cn%2FM31MGtsjzGRmZt5EE%3D,https://p77-sign-va.tiktokcdn.com/musically-maliva-obj/53f1418524b3815b18d607a7a22192ce~c5_720x720.jpeg?x-expires=1627084800&x-signature=lwxAvWAEu5XPaLykGCjPEsbqO2Q%3D,https://p77-sign-va.tiktokcdn.com/musically-maliva-obj/53f1418524b3815b18d607a7a22192ce~c5_100x100.jpeg?x-expires=1627084800&x-signature=GzE0I3d2AIBieZia%2B0Iz8KvClJk%3D,9,,Sara Itziar,6964102697238776582,sonido original,true,https://sf16-ies-music-va.tiktokcdn.com/obj/musically-maliva-obj/6964102790759123718.mp3,735,6970855417232559365,1,üíÉüèªüíÉüèªüíÉüèª#hermanas #viral #parati #fy üëØ‚Äç‚ôÄÔ∏èüëØ‚Äç‚ôÄÔ∏è,9,960,540,https://v16-web.tiktok.com/video/tos/useast2a/tos-useast2a-ve-0068c003/d8f18d294d2e4f95b56a3674dbe45877/?a=1988&br=2550&bt=1275&cd=0%7C0%7C0&ch=0&cr=0&cs=0&dr=0&ds=3&er=&expire=1627020926&ft=Q9BExEBe_4ka&l=202107230015170101890741591D00A1E0&lr=tiktok_m&mime_type=video_mp4&net=0&pl=0&policy=2&qs=0&rc=MzV4bjRoajVxNTMzNzczM0ApZmlpNzRkO2RpNzw6ZTM6PGdoZG1jYzRsNXJgLS1kMTZzc2AtYWJhXy8xX2JhYmFfYzE6Yw%3D%3D&signature=8ec5832701275c8aee1a90f74b15b371&tk=tt_webid_v2&vl=&vr=,https://www.tiktok.com/@gabyayala06/video/6970855417232559365
612db4be501db7b75855c3ad,https://p16-sign-va.tiktokcdn.com/tos-maliva-avt-0068/21b8151a8693d98e2e64ac462e570b97~c5_1080x1080.jpeg?x-expires=1627084800&x-signature=U0xUKOIDQRF1kFfCtWqcXBZBUes%3D,1607,474,185,2691,6744124927291327493,gabyayala06,Gaby Ayala,MS4wLjABAAAAUOvA_pjeWHXMyjg_7XjWnx2JPCFNRiZGWCWmwVLsM60psGJjR9N15V4XS3obJA7T,false,19,16,https://p16-sign-va.tiktokcdn.com/obj/tos-maliva-p-0068/7fdd87a2155b4e009cc1f98e00687bf0?x-expires=1627020000&x-signature=9U06AUhrwdMwK3MySbtdztg8Zs4%3D,https://p16-sign-va.tiktokcdn.com/obj/tos-maliva-p-0068/701190b9080840b894707c2a233047eb_1622994241?x-expires=1627020000&x-signature=GtLBvow3ytdNWnZm3LvxxdqW5Os%3D,https://p16-sign-va.tiktokcdn.com/obj/tos-maliva-p-0068/20d472d257ff4b5da7b85adee2863bf8_1622994242?x-expires=1627020000&x-signature=amtMgDhov46p2fvkcIzRI5QIizI%3D,1622994240,152,false,[],"[{""id"":""837519"",""name"":""hermanas"",""title"":"""",""cover"":""""},{""id"":""153828"",""name"":""fy"",""title"":"""",""cover"":""""},{""id"":""65243"",""name"":""parati"",""title"":"""",""cover"":""""}]",6970707166386834694,"[""@m_jito0609""]",https://p16-sign-va.tiktokcdn.com/tos-maliva-avt-0068/21b8151a8693d98e2e64ac462e570b97~c5_1080x1080.jpeg?x-expires=1627084800&x-signature=U0xUKOIDQRF1kFfCtWqcXBZBUes%3D,https://p16-sign-va.tiktokcdn.com/tos-maliva-avt-0068/21b8151a8693d98e2e64ac462e570b97~c5_720x720.jpeg?x-expires=1627084800&x-signature=0t7%2FiG56rPEa0xoPM7iMSMxwbI8%3D,https://p16-sign-va.tiktokcdn.com/tos-maliva-avt-0068/21b8151a8693d98e2e64ac462e570b97~c5_100x100.jpeg?x-expires=1627084800&x-signature=H8Vh1fdbSve90AD2ncampyl0ewM%3D,14,,Gaby Ayala,6970707089068935942,sonido original,true,https://sf16-ies-music-va.tiktokcdn.com/obj/musically-maliva-obj/6970707139606170373.mp3,4839,6970707166386834694,5,:( jajajaj @m_jito0609  #hermanas #fy #parati,15,960,540,https://v16-web.tiktok.com/video/tos/useast2a/tos-useast2a-ve-0068c001/e2d0040647494d3fbe2b3954a311786c/?a=1988&br=2168&bt=1084&cd=0%7C0%7C1&ch=0&cr=0&cs=0&cv=1&dr=0&ds=3&er=&expire=1627020932&ft=Q9BExEBe_4ka&l=202107230015170101890741591D00A1E0&lr=tiktok_m&mime_type=video_mp4&net=0&pl=0&policy=2&qs=0&rc=anM7cng3ZTxoNTMzNzczM0ApZDdnNjpoZmU8NzpnN2g6ZmcxNC1kLy5tbnJgLS1kMTZzczUwNTAuMmBjNDNhNWM0Ly86Yw%3D%3D&signature=2dac23daba41f060fab70bfaa43e3840&tk=tt_webid_v2&vl=&vr=,https://www.tiktok.com/@gabyayala06/video/6970707166386834694
612db4be501db7b75855c3ae,https://p16-sign-va.tiktokcdn.com/tos-maliva-avt-0068/21b8151a8693d98e2e64ac462e570b97~c5_1080x1080.jpeg?x-expires=1627084800&x-signature=U0xUKOIDQRF1kFfCtWqcXBZBUes%3D,1607,474,185,2691,6744124927291327493,gabyayala06,Gaby Ayala,MS4wLjABAAAAUOvA_pjeWHXMyjg_7XjWnx2JPCFNRiZGWCWmwVLsM60psGJjR9N15V4XS3obJA7T,false,19,0,https://p16-sign-va.tiktokcdn.com/obj/tos-maliva-p-0068/b62a7486cf654a7abd5c69d4c546c2d0?x-expires=1627020000&x-signature=FXytNzIRNZckLPrwMwicD2tJl9U%3D,https://p16-sign-va.tiktokcdn.com/obj/tos-maliva-p-0068/12cb8cf3d469489696c5b3f8a5219b44_1622947180?x-expires=1627020000&x-signature=Qct2ZtwiZf1iDGJWF6c3Jx1IAe8%3D,https://p16-sign-va.tiktokcdn.com/obj/tos-maliva-p-0068/fc106b461f8a4f0f906fd75f19ef87c7_1622947180?x-expires=1627020000&x-signature=ZIbQtQc9p26Is3gKlkKT1IY8OTY%3D,1622947178,67,false,[],"[{""id"":""153828"",""name"":""fy"",""title"":"""",""cover"":""""},{""id"":""837519"",""name"":""hermanas"",""title"":"""",""cover"":""""},{""id"":""20884"",""name"":""viral"",""title"":"""",""cover"":""""},{""id"":""1654683402047493"",""name"":""xbcyza"",""title"":"""",""cover"":""""}]",6970505033771273477,[],https://p16-sign-sg.tiktokcdn.com/aweme/1080x1080/tos-alisg-avt-0068/3e442654730d82006fcd0f2fb7cbec19.jpeg?x-expires=1627084800&x-signature=4%2B8EFLjBRpyL8q%2F9vs1feQW%2FkBs%3D,https://p16-sign-sg.tiktokcdn.com/aweme/720x720/tos-alisg-avt-0068/3e442654730d82006fcd0f2fb7cbec19.jpeg?x-expires=1627084800&x-signature=HPk59iOJze7siarOoQBJ1IQm8Lw%3D,https://p77-sign-sg.tiktokcdn.com/aweme/100x100/tos-alisg-avt-0068/3e442654730d82006fcd0f2fb7cbec19.jpeg?x-expires=1627084800&x-signature=F2Bx%2BCklwdxzaI9jdxub%2FG1jKFs%3D,14,,Isabel Ram√≠rez.,6927321125747739398,sonido original,true,https://video-va.tiktokv.com/storage/v1/tos-useast2a-v-27dcd7/2206466a3c5645ecbfdc325e3747ea4e?a=1233&br=250&bt=125&cd=0%7C0%7C0&ch=0&cr=0&cs=&dr=0&ds=&er=0&ft=juHddKJEeF&l=202107230015170101890741591D00A1E0&lr=default&mime_type=audio_mpeg&net=0&pl=0&qs=6&rc=M3M5OXczdnZmMzMzNTU8M0ApaTs4ZWU1ZDwzNztpNzg2M2dwZGMzNWBsZ2VgLS1hMTZzcy8xYC0tYmMyNDIuMmBfMzM6Yw%3D%3D&vl=&vr=&x-tos-algorithm=v2&x-tos-authkey=5bf25627da095a5cba28ace592de46cc&x-tos-expires=1627020930&x-tos-signature=ghNZuignkctsQ0CKj7vdbaZz34o,934,6970505033771273477,4,En algo deb√≠amos parecernos üòÖ‚ù§Ô∏è‚ù§Ô∏è #fy #hermanas #viral #xbcyza,9,960,540,https://v16-web.tiktok.com/video/tos/useast2a/tos-useast2a-ve-0068c001/06b96b42e0544967a37809bdeaf21247/?a=1988&br=1838&bt=919&cd=0%7C0%7C1&ch=0&cr=0&cs=0&cv=1&dr=0&ds=3&er=&expire=1627020925&ft=Q9BExEBe_4ka&l=202107230015170101890741591D00A1E0&lr=tiktok_m&mime_type=video_mp4&net=0&pl=0&policy=2&qs=0&rc=M2g0eHZpb3M2NTMzNzczM0ApM2lkPGc4ZGQzNzVlO2Y1NmdlYi00ZGRvXnJgLS1kMTZzc2FhLzFjMGFiMDYzNC1eYTM6Yw%3D%3D&signature=03d65e34bed208e3a32a15ddad203bda&tk=tt_webid_v2&vl=&vr=,https://www.tiktok.com/@gabyayala06/video/6970505033771273477
612db4be501db7b75855c3af,https://p16-sign-va.tiktokcdn.com/tos-maliva-avt-0068/21b8151a8693d98e2e64ac462e570b97~c5_1080x1080.jpeg?x-expires=1627084800&x-signature=U0xUKOIDQRF1kFfCtWqcXBZBUes%3D,1607,474,185,2691,6744124927291327493,gabyayala06,Gaby Ayala,MS4wLjABAAAAUOvA_pjeWHXMyjg_7XjWnx2JPCFNRiZGWCWmwVLsM60psGJjR9N15V4XS3obJA7T,false,19,5,https://p16-sign-va.tiktokcdn.com/obj/tos-maliva-p-0068/fd87d8fa272442cf989ef02c0d2b9022?x-expires=1627020000&x-signature=65fPtUSlkUC4SDp%2FwK1Rhka9ccw%3D,https://p16-sign-va.tiktokcdn.com/obj/tos-maliva-p-0068/bb3e783b37d649e182a9efb05b88fe78_1621641700?x-expires=1627020000&x-signature=Wcq2d6c%2Fw2XWZe3EPFIhI%2BiPdV4%3D,https://p16-sign-va.tiktokcdn.com/obj/tos-maliva-p-0068/3ae1862e023b489d86beab306a741e75_1621641700?x-expires=1627020000&x-signature=NuBPKDXx8Kd3U%2FuHm3smLa82mFs%3D,1621641698,30,false,"[{""id"":""322369"",""name"":""Pantalla Verde""}]","[{""id"":""801886"",""name"":""greenscreen"",""title"":""Try out the #GreenScreen Creative Effect! Check out the latest trends using #greenscreen for some inspiration. Just pick an image from your camera roll, stand in front of a plain background, and make the next TikTok masterpiece."",""cover"":""https://p77-va.tiktokcdn.com/obj/musically-maliva-obj/e69896f9fc0e263ce07146644fdb1ae4""},{""id"":""1802266"",""name"":""mejoresamigos"",""title"":""Dos #MejoresAmigos en un lugar ... ¬øQu√© pasar√°?"",""cover"":""https://p77-va.tiktokcdn.com/obj/musically-maliva-obj/95783cffcb1286fde08c2c2331349023""},{""id"":""1637342470396934"",""name"":""fyp„Ç∑"",""title"":"""",""cover"":""""},{""id"":""1652484531221509"",""name"":""xyzbca"",""title"":"""",""cover"":""""}]",6964898044127055109,"[""@chamuco9""]",https://p16-sign-va.tiktokcdn.com/musically-maliva-obj/1633646666297349~c5_1080x1080.jpeg?x-expires=1627084800&x-signature=7wEFlBEdlI2sU4u%2FGDB636Qu%2BK8%3D,https://p16-sign-va.tiktokcdn.com/musically-maliva-obj/1633646666297349~c5_720x720.jpeg?x-expires=1627084800&x-signature=GFx%2BoMMyx7fBD0o8zkEgU2W9IHk%3D,https://p16-sign-va.tiktokcdn.com/musically-maliva-obj/1633646666297349~c5_100x100.jpeg?x-expires=1627084800&x-signature=TPu1Jt4cRYc2Rm%2F1rmonckazGZE%3D,23,,Emmanuel Heredia,6956712197691099910,sonido original,true,https://sf16-ies-music-va.tiktokcdn.com/obj/musically-maliva-obj/6956712342885419782.mp3,767,6964898044127055109,3,Es tan lindo ü•∫‚ù§Ô∏èüòÇüòÇ@chamuco9 #greenscreen #mejoresamigos #fyp„Ç∑ #xyzbca,22,1024,576,https://v16-web.tiktok.com/video/tos/useast2a/tos-useast2a-pve-0068/d68029ad13294df892c83943d4d83e1e/?a=1988&br=450&bt=225&cd=0%7C0%7C0&ch=0&cr=0&cs=0&dr=0&ds=3&er=&expire=1627020939&ft=Q9BExEBe_4ka&l=202107230015170101890741591D00A1E0&lr=tiktok_m&mime_type=video_mp4&net=0&pl=0&policy=2&qs=0&rc=M2s7bzllOjU3NTMzNzczM0ApaTs1PDY8aTw5NzRlOTo6Nmdjc2tyZS0zZ2hgLS1kMTZzczIwYTY2LTFjMy5fMTRiYV46Yw%3D%3D&signature=eb399addb228f3ebb09e26bdbdcef250&tk=tt_webid_v2&vl=&vr=,https://www.tiktok.com/@gabyayala06/video/6964898044127055109
612db4be501db7b75855c3b0,https://p16-sign-va.tiktokcdn.com/tos-maliva-avt-0068/21b8151a8693d98e2e64ac462e570b97~c5_1080x1080.jpeg?x-expires=1627084800&x-signature=U0xUKOIDQRF1kFfCtWqcXBZBUes%3D,1607,474,185,2691,6744124927291327493,gabyayala06,Gaby Ayala,MS4wLjABAAAAUOvA_pjeWHXMyjg_7XjWnx2JPCFNRiZGWCWmwVLsM60psGJjR9N15V4XS3obJA7T,false,19,1,https://p16-sign-va.tiktokcdn.com/obj/tos-maliva-p-0068/c935ead95e954c15aedab0e9a9cc4a0a_1621211058?x-expires=1627020000&x-signature=BZwly23Dk%2B2dRWm4Sr8agYIotRY%3D,https://p16-sign-va.tiktokcdn.com/obj/tos-maliva-p-0068/36008248fb664e8a9648ac45a62f3bcb_1621214078?x-expires=1627020000&x-signature=qhk9uoKMzMLjuW5gEHJzQM%2Fjc4s%3D,https://p16-sign-va.tiktokcdn.com/obj/tos-maliva-p-0068/7687f98c79c14780ac7a01a6deacc22c_1621211058?x-expires=1627020000&x-signature=8hy0QX75DpbK4T7E4X1B8PQq4Ng%3D,1621211055,39,false,[],"[{""id"":""29677"",""name"":""baile"",""title"":"""",""cover"":""""},{""id"":""330927"",""name"":""sech"",""title"":"""",""cover"":""""},{""id"":""1697078653955077"",""name"":""salyperrea"",""title"":"""",""cover"":""""}]",6963048444348861701,[],https://p77-va.tiktokcdn.com/img/tos-useast2a-v-2774/b89792c787fd427bb4408b6a84d94927~c5_720x720.jpeg,https://p77-va.tiktokcdn.com/img/tos-useast2a-v-2774/b89792c787fd427bb4408b6a84d94927~c5_200x200.jpeg,https://p77-va.tiktokcdn.com/img/tos-useast2a-v-2774/b89792c787fd427bb4408b6a84d94927~c5_100x100.jpeg,16,42,Sech,6953742463718673157,Sal y Perrea,false,https://sf16-ies-music-va.tiktokcdn.com/obj/tos-useast2a-ve-2774/816606a5c3e343a9962774eb012c7ef2,529,6963048444348861701,1,‚ù§Ô∏è‚ù§Ô∏èüî• #baile #sech #salyperrea,14,1024,576,https://v16-web.tiktok.com/video/tos/useast2a/tos-useast2a-pve-0068/2270e77dca1847f3928bee15ed0650ef/?a=1988&br=3382&bt=1691&cd=0%7C0%7C0&ch=0&cr=0&cs=0&dr=0&ds=3&er=&expire=1627020931&ft=Q9BExEBe_4ka&l=202107230015170101890741591D00A1E0&lr=tiktok_m&mime_type=video_mp4&net=0&pl=0&policy=2&qs=0&rc=M2h2d2lyMzR1NTMzNzczM0ApOmY6ODo1Zjs7Nzs4Ojg7OmczMmZoMGEvY2RgLS1kMTZzczM2X2FgNV8wXy4xLzYtNGE6Yw%3D%3D&signature=1b68b2b105613440fecc3d32ce5c2a57&tk=tt_webid_v2&vl=&vr=,https://www.tiktok.com/@gabyayala06/video/6963048444348861701
612db4be501db7b75855c3b1,https://p16-sign-va.tiktokcdn.com/tos-maliva-avt-0068/21b8151a8693d98e2e64ac462e570b97~c5_1080x1080.jpeg?x-expires=1627084800&x-signature=U0xUKOIDQRF1kFfCtWqcXBZBUes%3D,1607,474,185,2691,6744124927291327493,gabyayala06,Gaby Ayala,MS4wLjABAAAAUOvA_pjeWHXMyjg_7XjWnx2JPCFNRiZGWCWmwVLsM60psGJjR9N15V4XS3obJA7T,false,19,1,https://p16-sign-va.tiktokcdn.com/obj/tos-maliva-p-0068/3c22c3fce949415d9b19f16a02d8c83b?x-expires=1627020000&x-signature=3uTGy2tuy0PD4dkAVmifg92dejg%3D,https://p16-sign-va.tiktokcdn.com/obj/tos-maliva-p-0068/50871adfd3b3455aa6f95e4c79781767_1621125071?x-expires=1627020000&x-signature=NvYBLHh%2FVJLGh6j%2BMJv03YvDOcc%3D,https://p16-sign-va.tiktokcdn.com/obj/tos-maliva-p-0068/e389387cf2a743bebfbdff97550ed99d_1621124936?x-expires=1627020000&x-signature=OKoJdVM2M2JlcjW%2B9GshGsx6pf0%3D,1621124934,44,false,"[{""id"":""322369"",""name"":""Pantalla Verde""}]","[{""id"":""801886"",""name"":""greenscreen"",""title"":""Try out the #GreenScreen Creative Effect! Check out the latest trends using #greenscreen for some inspiration. Just pick an image from your camera roll, stand in front of a plain background, and make the next TikTok masterpiece."",""cover"":""https://p77-va.tiktokcdn.com/obj/musically-maliva-obj/e69896f9fc0e263ce07146644fdb1ae4""},{""id"":""19336"",""name"":""humor"",""title"":""¬°Es hora de re√≠rte como nunca! Los videos m√°s divertidos est√°n aqu√≠ en TikTok. üòÇüòÇüòÇ"",""cover"":""""},{""id"":""1652484531221509"",""name"":""xyzbca"",""title"":"""",""cover"":""""},{""id"":""1637342470396934"",""name"":""fyp„Ç∑"",""title"":"""",""cover"":""""}]",6962678559001332997,[],https://p16-sign-va.tiktokcdn.com/tos-maliva-avt-0068/32069cdfea4a44a5a1b8316ec3c8bd0a~c5_1080x1080.jpeg?x-expires=1627084800&x-signature=GTIEClNvuqD1jGKEhpG2pKRlSX4%3D,https://p16-sign-va.tiktokcdn.com/tos-maliva-avt-0068/32069cdfea4a44a5a1b8316ec3c8bd0a~c5_720x720.jpeg?x-expires=1627084800&x-signature=OOBrCzlZvSVkC3O5ZUyYfEJHjPg%3D,https://p16-sign-va.tiktokcdn.com/tos-maliva-avt-0068/32069cdfea4a44a5a1b8316ec3c8bd0a~c5_100x100.jpeg?x-expires=1627084800&x-signature=2S2U00P349hgr6JUY3ymmkLXo54%3D,8,,Laks‚ôõ,6911374846458972933,sonido original,true,https://sf16-ies-music-va.tiktokcdn.com/obj/musically-maliva-obj/6911374833691527941.mp3,695,6962678559001332997,5,No as√≠ :( #greenscreen #humor #xyzbca #fyp„Ç∑,8,1024,576,https://v16-web.tiktok.com/video/tos/useast2a/tos-useast2a-ve-0068c003/fce6bb8ba8664a34ba555041ff5ddd66/?a=1988&br=1400&bt=700&cd=0%7C0%7C0&ch=0&cr=0&cs=0&dr=0&ds=3&er=&expire=1627020925&ft=Q9BExEBe_4ka&l=202107230015170101890741591D00A1E0&lr=tiktok_m&mime_type=video_mp4&net=0&pl=0&policy=2&qs=0&rc=ams6eHA7bmc5NTMzNzczM0ApZDM8OTtnOzw7NzdmZjs8aGdyYW9gXmRhYmRgLS1kMTZzczBgYjAtMDUuYzU2YTFgXzI6Yw%3D%3D&signature=0e81130f6de45826fd7251d96816b465&tk=tt_webid_v2&vl=&vr=,https://www.tiktok.com/@gabyayala06/video/6962678559001332997
612db4be501db7b75855c3b2,https://p16-sign-va.tiktokcdn.com/tos-maliva-avt-0068/21b8151a8693d98e2e64ac462e570b97~c5_1080x1080.jpeg?x-expires=1627084800&x-signature=U0xUKOIDQRF1kFfCtWqcXBZBUes%3D,1607,474,185,2691,6744124927291327493,gabyayala06,Gaby Ayala,MS4wLjABAAAAUOvA_pjeWHXMyjg_7XjWnx2JPCFNRiZGWCWmwVLsM60psGJjR9N15V4XS3obJA7T,false,19,3,https://p16-sign-va.tiktokcdn.com/obj/tos-maliva-p-0068/b2cdd022f3ca4e6c8028941e713f9319?x-expires=1627020000&x-signature=kGfLLKp6pkgTgXZTWPJARBAxfgg%3D,https://p16-sign-va.tiktokcdn.com/obj/tos-maliva-p-0068/ba767242a00a491fbf01dd9376c7d34b_1620865771?x-expires=1627020000&x-signature=EMAWYER2MxqPt99eKw9zhvww2nY%3D,https://p16-sign-va.tiktokcdn.com/obj/tos-maliva-p-0068/2377e8b8e9604cfe9ef3ba3858bab8b2_1620865771?x-expires=1627020000&x-signature=z74%2FRSKzUI83Hysi2dwQV72VNtU%3D,1620865769,61,false,[],"[{""id"":""19336"",""name"":""humor"",""title"":""¬°Es hora de re√≠rte como nunca! Los videos m√°s divertidos est√°n aqu√≠ en TikTok. üòÇüòÇüòÇ"",""cover"":""""},{""id"":""1637342470396934"",""name"":""fyp„Ç∑"",""title"":"""",""cover"":""""},{""id"":""33445410"",""name"":""loserschallenge"",""title"":""Sin excusas, deja que el filtro de TikTok decida ü§™\n"",""cover"":""""}]",6961565451444964613,[],https://p77-sign-va.tiktokcdn.com/tos-maliva-avt-0068/3976113c31eb60e3742b94da625c48f4~c5_1080x1080.jpeg?x-expires=1627084800&x-signature=5z8qjsA0n2j2ZMhB2ZAp8qSUUN4%3D,https://p77-sign-va.tiktokcdn.com/tos-maliva-avt-0068/3976113c31eb60e3742b94da625c48f4~c5_720x720.jpeg?x-expires=1627084800&x-signature=14nDUXd9RINPx2YORyARl%2BkvcOo%3D,https://p77-sign-va.tiktokcdn.com/tos-maliva-avt-0068/3976113c31eb60e3742b94da625c48f4~c5_100x100.jpeg?x-expires=1627084800&x-signature=lTw90KShUU%2BQlRstZdqPilgkLb4%3D,7,,Rafaela Winchester G,6921077637255416582,som original,true,https://sf16-ies-music-va.tiktokcdn.com/obj/musically-maliva-obj/6921077618687232774.mp3,1569,6961565451444964613,3,Parece chiste pero es an√©cdota :c #humor #fyp„Ç∑ #loserschallenge,7,1024,576,https://v16-web.tiktok.com/video/tos/useast2a/tos-useast2a-ve-0068c001/57e94bee05524e32b6bb45582a9df61c/?a=1988&br=2864&bt=1432&cd=0%7C0%7C1&ch=0&cr=0&cs=0&cv=1&dr=0&ds=3&er=&expire=1627020924&ft=Q9BExEBe_4ka&l=202107230015170101890741591D00A1E0&lr=tiktok_m&mime_type=video_mp4&net=0&pl=0&policy=2&qs=0&rc=amhqPHg0N3M6NTMzNzczM0ApOTw2ODtnZDs2NzU7ZjdlOWczNDRoMGstMWJgLS1kMTZzc2BhXmJjNGEuMl41Ni1jMmM6Yw%3D%3D&signature=956c57d306166e3debd564fc7850d179&tk=tt_webid_v2&vl=&vr=,https://www.tiktok.com/@gabyayala06/video/6961565451444964613
612db4be501db7b75855c3b3,https://p16-sign-va.tiktokcdn.com/tos-maliva-avt-0068/21b8151a8693d98e2e64ac462e570b97~c5_1080x1080.jpeg?x-expires=1627084800&x-signature=U0xUKOIDQRF1kFfCtWqcXBZBUes%3D,1607,474,185,2691,6744124927291327493,gabyayala06,Gaby Ayala,MS4wLjABAAAAUOvA_pjeWHXMyjg_7XjWnx2JPCFNRiZGWCWmwVLsM60psGJjR9N15V4XS3obJA7T,false,19,2,https://p16-sign-va.tiktokcdn.com/obj/tos-maliva-p-0068/2ae9b49d81334944a62c8f9729af4f12_1620851137?x-expires=1627020000&x-signature=eqDmpI8QsKha%2BTrpFksGlVsBhrc%3D,https://p16-sign-va.tiktokcdn.com/obj/tos-maliva-p-0068/592bb9897f65414cb79fee3e19c78dec_1620851136?x-expires=1627020000&x-signature=4LfVC4PK7Y1SSf3kUD844oE%2FtwE%3D,https://p16-sign-va.tiktokcdn.com/obj/tos-maliva-p-0068/517591e3e6414a3aa5e2a0400a849038_1620851135?x-expires=1627020000&x-signature=%2FF42jWfA1XxkHmBtQj7OY0e91%2FQ%3D,1620851134,46,false,"[{""id"":""253625"",""name"":""Color Switch""}]","[{""id"":""61883855"",""name"":""yoenlafiesta"",""title"":""Parece chiste pero es an√©cdota... de fiesta üíÉüï∫"",""cover"":""""},{""id"":""29677"",""name"":""baile"",""title"":"""",""cover"":""""},{""id"":""33445410"",""name"":""loserschallenge"",""title"":""Sin excusas, deja que el filtro de TikTok decida ü§™\n"",""cover"":""""},{""id"":""19336"",""name"":""humor"",""title"":""¬°Es hora de re√≠rte como nunca! Los videos m√°s divertidos est√°n aqu√≠ en TikTok. üòÇüòÇüòÇ"",""cover"":""""},{""id"":""65243"",""name"":""parati"",""title"":"""",""cover"":""""},{""id"":""153828"",""name"":""fy"",""title"":"""",""cover"":""""}]",6961502598633508101,[],https://p16-sign-va.tiktokcdn.com/tos-maliva-avt-0068/c4d1093b8477f0b06de73533f9d3d713~c5_1080x1080.jpeg?x-expires=1627084800&x-signature=JFst3TYwW%2BBth5WQ1h1X8CJR6i4%3D,https://p16-sign-va.tiktokcdn.com/tos-maliva-avt-0068/c4d1093b8477f0b06de73533f9d3d713~c5_720x720.jpeg?x-expires=1627084800&x-signature=%2Bh9ov188ExA4vTAFlUJdqrxkkDY%3D,https://p16-sign-va.tiktokcdn.com/tos-maliva-avt-0068/c4d1093b8477f0b06de73533f9d3d713~c5_100x100.jpeg?x-expires=1627084800&x-signature=T%2B%2FEeYpM15%2FP12Yt2JeCieAjoa4%3D,10,,camila,6921022102099282694,original sound,true,,810,6961502598633508101,4,Apoco no les pasa ¬ø? üòÇ #yoenlafiesta #baile #loserschallenge #humor #parati #fy,10,1024,576,https://v16-web.tiktok.com/video/tos/useast2a/tos-useast2a-pve-0068/2d6a99e857a44c75972631358f563379/?a=1988&br=3920&bt=1960&cd=0%7C0%7C0&ch=0&cr=0&cs=0&dr=0&ds=3&er=&expire=1627020927&ft=Q9BExEBe_4ka&l=202107230015170101890741591D00A1E0&lr=tiktok_m&mime_type=video_mp4&net=0&pl=0&policy=2&qs=0&rc=M3M0eGU5Omk2NTMzNzczM0ApOmk6OWU5aDtoN2g8Njg4aWdzaW1uXmhqZmJgLS1kMTZzc2E1My5hYTM0NjUzNWI2L2E6Yw%3D%3D&signature=f1a8f60cf97a73afc887cf65cd9d50c6&tk=tt_webid_v2&vl=&vr=,https://www.tiktok.com/@gabyayala06/video/6961502598633508101
612db4be501db7b75855c3b4,https://p16-sign-va.tiktokcdn.com/tos-maliva-avt-0068/21b8151a8693d98e2e64ac462e570b97~c5_1080x1080.jpeg?x-expires=1627084800&x-signature=U0xUKOIDQRF1kFfCtWqcXBZBUes%3D,1607,474,185,2691,6744124927291327493,gabyayala06,Gaby Ayala,MS4wLjABAAAAUOvA_pjeWHXMyjg_7XjWnx2JPCFNRiZGWCWmwVLsM60psGJjR9N15V4XS3obJA7T,false,19,8,https://p16-sign-va.tiktokcdn.com/obj/tos-maliva-p-0068/e48d6a6e3ddd482890d6f2f99363100b_1620761176?x-expires=1627020000&x-signature=QYtx0j%2BQseUJjGtLOGv24PTu%2F2g%3D,https://p16-sign-va.tiktokcdn.com/obj/tos-maliva-p-0068/9ce7d25b9d054f5796113185ddc9a584_1620761177?x-expires=1627020000&x-signature=2F1IQXfNdD%2FIQHmzj9TWuRsIG5g%3D,https://p16-sign-va.tiktokcdn.com/obj/tos-maliva-p-0068/7dc200f5a6fc4613b194dc5b1397d050_1620761177?x-expires=1627020000&x-signature=5sDur%2BHJr0PQ8walUQ8%2FLUiz3dg%3D,1620761174,55,false,"[{""id"":""1013336"",""name"":""Color Bomb""}]","[{""id"":""153828"",""name"":""fy"",""title"":"""",""cover"":""""},{""id"":""9098"",""name"":""bailando"",""title"":"""",""cover"":""""},{""id"":""31306"",""name"":""ecuador"",""title"":"""",""cover"":""""},{""id"":""65243"",""name"":""parati"",""title"":"""",""cover"":""""},{""id"":""29677"",""name"":""baile"",""title"":"""",""cover"":""""}]",6961116227385249030,[],https://p77-va.tiktokcdn.com/img/tos-useast2a-v-2774/c336e73450054ca5809add9ceaea7e9a~c5_720x720.jpeg,https://p77-va.tiktokcdn.com/img/tos-useast2a-v-2774/c336e73450054ca5809add9ceaea7e9a~c5_200x200.jpeg,https://p77-va.tiktokcdn.com/img/tos-useast2a-v-2774/c336e73450054ca5809add9ceaea7e9a~c5_100x100.jpeg,43,Pierdo la Cabeza,Zion & Lennox,6943600154851216133,Pierdo la Cabeza,false,https://sf16-ies-music-va.tiktokcdn.com/obj/tos-useast2a-ve-2774/510234904be74331a315d9d3828a03f7,820,6961116227385249030,6,üëÖ‚ù§Ô∏è#fy #bailando #ecuador #parati #baile,15,1024,576,https://v16-web.tiktok.com/video/tos/useast2a/tos-useast2a-ve-0068c004/9ce5351d2a88426196cfa8c0133db31e/?a=1988&br=4284&bt=2142&cd=0%7C0%7C0&ch=0&cr=0&cs=0&dr=0&ds=3&er=&expire=1627020932&ft=Q9BExEBe_4ka&l=202107230015170101890741591D00A1E0&lr=tiktok_m&mime_type=video_mp4&net=0&pl=0&policy=2&qs=0&rc=MzdxOGx0dzhnNTMzNzczM0ApPDw3Omc1NmU8N2dkZzRoM2cvNi9fbnBnZ2FgLS1kMTZzczNeMTZgXjJiMjI2MmExMTM6Yw%3D%3D&signature=ac55f2fb83baf00a8c6e433ddeba4e0f&tk=tt_webid_v2&vl=&vr=,https://www.tiktok.com/@gabyayala06/video/6961116227385249030
612db4be501db7b75855c3b5,https://p16-sign-va.tiktokcdn.com/tos-maliva-avt-0068/21b8151a8693d98e2e64ac462e570b97~c5_1080x1080.jpeg?x-expires=1627084800&x-signature=U0xUKOIDQRF1kFfCtWqcXBZBUes%3D,1607,474,185,2691,6744124927291327493,gabyayala06,Gaby Ayala,MS4wLjABAAAAUOvA_pjeWHXMyjg_7XjWnx2JPCFNRiZGWCWmwVLsM60psGJjR9N15V4XS3obJA7T,false,19,4,https://p16-sign-va.tiktokcdn.com/obj/tos-maliva-p-0068/62c35143bd3e46b7aea5240a3d06aaf8?x-expires=1627020000&x-signature=NZMpHPvPbKCmy%2Ba4pV5uW3s%2BJVg%3D,https://p16-sign-va.tiktokcdn.com/obj/tos-maliva-p-0068/8df406b723b64840976584bae52e13a0_1620660579?x-expires=1627020000&x-signature=OeRoz67T9oqrQGgwzxDo2Q2OLyo%3D,https://p16-sign-va.tiktokcdn.com/obj/tos-maliva-p-0068/92b65d8942bf474d9c4662ba9c4b0847_1620660578?x-expires=1627020000&x-signature=XL35ZDmZFsvtHcHk%2F4UK7XXE3hE%3D,1620660576,60,false,[],"[{""id"":""82813861"",""name"":""d√∫o"",""title"":"""",""cover"":""""},{""id"":""31306"",""name"":""ecuador"",""title"":"""",""cover"":""""},{""id"":""44895"",""name"":""trend"",""title"":"""",""cover"":""""},{""id"":""153828"",""name"":""fy"",""title"":"""",""cover"":""""},{""id"":""197723"",""name"":""cantar"",""title"":"""",""cover"":""""},{""id"":""1670123964861445"",""name"":""botellatrasbotella"",""title"":"""",""cover"":""""}]",6960684157114535174,"[""@edson_gonzalz""]",https://p16-sign-va.tiktokcdn.com/musically-maliva-obj/1655596685227013~c5_1080x1080.jpeg?x-expires=1627084800&x-signature=BRr8RQ4U%2BdfiQbeIxYICMDPdMWI%3D,https://p16-sign-va.tiktokcdn.com/musically-maliva-obj/1655596685227013~c5_720x720.jpeg?x-expires=1627084800&x-signature=0CQV4cdJykxou%2FeeS3Xxt176Jwc%3D,https://p16-sign-va.tiktokcdn.com/musically-maliva-obj/1655596685227013~c5_100x100.jpeg?x-expires=1627084800&x-signature=BIPgWlP0ZlXXH5zE4fxhOHjAxz4%3D,35,,üî• Edson Gonz√°lez üî•,6958588711802129158,sonido original,true,https://sf16-ies-music-va.tiktokcdn.com/obj/musically-maliva-obj/6958588818995890949.mp3,880,6960684157114535174,1,#d√∫o con @edson_gonzalz Broooo...üíî #ecuador #trend #fy #cantar #botellatrasbotella,36,576,656,https://v16-web.tiktok.com/video/tos/useast2a/tos-useast2a-pve-0068/e652843c0a1349c4b17560bc090a1192/?a=1988&br=1824&bt=912&cd=0%7C0%7C0&ch=0&cr=0&cs=0&dr=0&ds=3&er=&expire=1627020952&ft=Q9BExEBe_4ka&l=202107230015170101890741591D00A1E0&lr=tiktok_m&mime_type=video_mp4&net=0&pl=0&policy=2&qs=0&rc=M2Y7a2ttMzNvNTMzNzczM0ApOTw6ZmgzPDs0NzxpOWdkM2dlczBeZS1vL2BgLS1kMTZzc2A0YGA0Ll4tLTMtLTU1LS06Yw%3D%3D&signature=9e6f81d8cdeba67d3af097870d8a37ac&tk=tt_webid_v2&vl=&vr=,https://www.tiktok.com/@gabyayala06/video/6960684157114535174
612db4be501db7b75855c3b6,https://p16-sign-va.tiktokcdn.com/tos-maliva-avt-0068/21b8151a8693d98e2e64ac462e570b97~c5_1080x1080.jpeg?x-expires=1627084800&x-signature=U0xUKOIDQRF1kFfCtWqcXBZBUes%3D,1607,474,185,2691,6744124927291327493,gabyayala06,Gaby Ayala,MS4wLjABAAAAUOvA_pjeWHXMyjg_7XjWnx2JPCFNRiZGWCWmwVLsM60psGJjR9N15V4XS3obJA7T,false,19,4,https://p16-sign-va.tiktokcdn.com/obj/tos-maliva-p-0068/af1a2e4363924ccf99c044e86be70a1b_1620589623?x-expires=1627020000&x-signature=cEHWnGX3HE0sXrvxZXvVnpeV9CQ%3D,https://p16-sign-va.tiktokcdn.com/obj/tos-maliva-p-0068/61dd8c2d5c21425ea48e4e9ec922ecdd_1620589624?x-expires=1627020000&x-signature=pJBq6hV%2FPztT5uphrxEzUnYziTo%3D,https://p16-sign-va.tiktokcdn.com/obj/tos-maliva-p-0068/21a892fa25bb4264861d0081404eb956_1620589624?x-expires=1627020000&x-signature=xyCtgXFKQiReHkzTV19dy3rRswQ%3D,1620589622,82,false,"[{""id"":""924858"",""name"":""VHS retro""}]","[{""id"":""2557"",""name"":""retro"",""title"":""Use Retro Effect and see what happens!"",""cover"":""https://p77-sg.tiktokcdn.com/obj/tiktok-obj/abbd0a85015b0c9b48470691bd0f8038""},{""id"":""831865"",""name"":""momsday"",""title"":"""",""cover"":""""},{""id"":""153828"",""name"":""fy"",""title"":"""",""cover"":""""},{""id"":""44895"",""name"":""trend"",""title"":"""",""cover"":""""},{""id"":""31306"",""name"":""ecuador"",""title"":"""",""cover"":""""}]",6960379416144841989,[],https://p77-va.tiktokcdn.com/img/tos-useast2a-v-2774/48eef4d387bc41b798ed50ca98e373ca~c5_720x720.jpeg,https://p77-va.tiktokcdn.com/img/tos-useast2a-v-2774/48eef4d387bc41b798ed50ca98e373ca~c5_200x200.jpeg,https://p77-va.tiktokcdn.com/img/tos-useast2a-v-2774/48eef4d387bc41b798ed50ca98e373ca~c5_100x100.jpeg,17,Marlboro Nights,Lonely God,6885457054765419270,Marlboro Nights,false,https://sf16-ies-music-va.tiktokcdn.com/obj/tos-useast2a-ve-2774/f5686c8403d249379c0e6a24f692cc07,1626,6960379416144841989,1,Pero que maravilla.... ‚ú® #Retro #momsday #fy #trend #ecuador,9,1024,576,https://v16-web.tiktok.com/video/tos/useast2a/tos-useast2a-ve-0068c002/eacb68a8018e468e95c8a28233a4ec14/?a=1988&br=3060&bt=1530&cd=0%7C0%7C1&ch=0&cr=0&cs=0&cv=1&dr=0&ds=3&er=&expire=1627020926&ft=Q9BExEBe_4ka&l=202107230015170101890741591D00A1E0&lr=tiktok_m&mime_type=video_mp4&net=0&pl=0&policy=2&qs=0&rc=anNqdGdvZnk2NTMzNzczM0ApZ2dnZDtoNjw1NzNkOztnaGdvX3FjaGBsamBgLS1kMTZzcy0yY2IzLy1eMjQ0MjA0Y2M6Yw%3D%3D&signature=5146f33d857039ce76e817f9456afd48&tk=tt_webid_v2&vl=&vr=,https://www.tiktok.com/@gabyayala06/video/6960379416144841989
612db4be501db7b75855c3b7,https://p16-sign-va.tiktokcdn.com/tos-maliva-avt-0068/21b8151a8693d98e2e64ac462e570b97~c5_1080x1080.jpeg?x-expires=1627084800&x-signature=U0xUKOIDQRF1kFfCtWqcXBZBUes%3D,1607,474,185,2691,6744124927291327493,gabyayala06,Gaby Ayala,MS4wLjABAAAAUOvA_pjeWHXMyjg_7XjWnx2JPCFNRiZGWCWmwVLsM60psGJjR9N15V4XS3obJA7T,false,19,16,https://p16-sign-va.tiktokcdn.com/obj/tos-maliva-p-0068/a480ab11de9a439d88336d9b438e3dcd?x-expires=1627020000&x-signature=%2FnL1LSVAxe2S1O8pPEVZ0jWQj2U%3D,https://p16-sign-va.tiktokcdn.com/obj/tos-maliva-p-0068/77211f9a7d4d47cc8a24f0ad03fbaaa2_1620218264?x-expires=1627020000&x-signature=jwapHNLJVD28JqS9w6cjJvVhsME%3D,https://p16-sign-va.tiktokcdn.com/obj/tos-maliva-p-0068/8914c07752c54a87b361a6027c57ee9c_1620185194?x-expires=1627020000&x-signature=badYuy%2FqrUJzsuJx78ZbFREMo6Y%3D,1620185192,58,false,[],"[{""id"":""31306"",""name"":""ecuador"",""title"":"""",""cover"":""""},{""id"":""17254"",""name"":""amor"",""title"":"""",""cover"":""""},{""id"":""65243"",""name"":""parati"",""title"":"""",""cover"":""""},{""id"":""197723"",""name"":""cantar"",""title"":"""",""cover"":""""},{""id"":""9541"",""name"":""musica"",""title"":"""",""cover"":""""}]",6958642386226498822,[],https://p16-sign-va.tiktokcdn.com/tos-maliva-avt-0068/21b8151a8693d98e2e64ac462e570b97~c5_1080x1080.jpeg?x-expires=1627084800&x-signature=U0xUKOIDQRF1kFfCtWqcXBZBUes%3D,https://p16-sign-va.tiktokcdn.com/tos-maliva-avt-0068/21b8151a8693d98e2e64ac462e570b97~c5_720x720.jpeg?x-expires=1627084800&x-signature=0t7%2FiG56rPEa0xoPM7iMSMxwbI8%3D,https://p16-sign-va.tiktokcdn.com/tos-maliva-avt-0068/21b8151a8693d98e2e64ac462e570b97~c5_100x100.jpeg?x-expires=1627084800&x-signature=H8Vh1fdbSve90AD2ncampyl0ewM%3D,39,,Gaby Ayala,6958642189354175237,sonido original,true,https://sf16-ies-music-va.tiktokcdn.com/obj/musically-maliva-obj/6958781462485240582.mp3,784,6958642386226498822,12,Para esa persona que te gusta m√°s que el encebollado con chuchaqui ‚ù§Ô∏è #ecuador #amor #parati #cantar #musica,39,1024,576,https://v16-web.tiktok.com/video/tos/useast2a/tos-useast2a-pve-0068/82812819c2354ac5ab7d8b9ef8a2157f/?a=1988&br=3274&bt=1637&cd=0%7C0%7C0&ch=0&cr=0&cs=0&dr=0&ds=3&er=&expire=1627020956&ft=Q9BExEBe_4ka&l=202107230015170101890741591D00A1E0&lr=tiktok_m&mime_type=video_mp4&net=0&pl=0&policy=2&qs=0&rc=M25nPHc6NGY0NTMzNzczM0ApZWc2OjQ8NmU4N2c4ZGYzN2dnZi1ebGJwLTZgLS1kMTZzczUwXmFgMTQ1XjZeMDY1MDI6Yw%3D%3D&signature=849c0dec1ca6c8866aa849650b5945c9&tk=tt_webid_v2&vl=&vr=,https://www.tiktok.com/@gabyayala06/video/6958642386226498822